-- phpMyAdmin SQL Dump
-- version 5.2.2
-- https://www.phpmyadmin.net/
--
-- Host: localhost:3306
-- Generation Time: Feb 03, 2026 at 04:47 PM
-- Server version: 11.4.9-MariaDB-cll-lve
-- PHP Version: 8.4.16

SET SQL_MODE = "NO_AUTO_VALUE_ON_ZERO";
START TRANSACTION;
SET time_zone = "+00:00";


/*!40101 SET @OLD_CHARACTER_SET_CLIENT=@@CHARACTER_SET_CLIENT */;
/*!40101 SET @OLD_CHARACTER_SET_RESULTS=@@CHARACTER_SET_RESULTS */;
/*!40101 SET @OLD_COLLATION_CONNECTION=@@COLLATION_CONNECTION */;
/*!40101 SET NAMES utf8mb4 */;

--
-- Database: `dscx7887_absensi_sekolah_minggu`
--

-- --------------------------------------------------------

--
-- Table structure for table `absensi`
--

CREATE TABLE `absensi` (
  `id` int(11) NOT NULL,
  `guru_id` int(11) NOT NULL,
  `lokasi_id` int(11) NOT NULL,
  `tanggal` date NOT NULL,
  `jam` time DEFAULT NULL,
  `selfie_foto` varchar(255) NOT NULL,
  `created_at` datetime DEFAULT current_timestamp(),
  `updated_at` datetime DEFAULT NULL
) ENGINE=InnoDB DEFAULT CHARSET=latin1 COLLATE=latin1_swedish_ci;

--
-- Dumping data for table `absensi`
--

INSERT INTO `absensi` (`id`, `guru_id`, `lokasi_id`, `tanggal`, `jam`, `selfie_foto`, `created_at`, `updated_at`) VALUES
(39, 6, 1, '2026-02-03', '16:37:34', 'selfie_6_1770111454.jpg', '2026-02-03 16:37:34', NULL);

-- --------------------------------------------------------

--
-- Table structure for table `absensi_detail`
--

CREATE TABLE `absensi_detail` (
  `id` int(11) NOT NULL,
  `absensi_id` int(11) NOT NULL,
  `murid_id` int(11) NOT NULL,
  `status` enum('hadir','tidak_hadir','overlap') NOT NULL,
  `created_at` datetime DEFAULT current_timestamp(),
  `tanggal` date DEFAULT NULL,
  `overlap_with_guru_id` int(11) DEFAULT NULL,
  `updated_at` datetime DEFAULT NULL
) ENGINE=InnoDB DEFAULT CHARSET=latin1 COLLATE=latin1_swedish_ci;

-- --------------------------------------------------------

--
-- Table structure for table `absensi_log`
--

CREATE TABLE `absensi_log` (
  `id` int(11) NOT NULL,
  `absensi_detail_id` int(11) NOT NULL,
  `murid_id` int(11) NOT NULL,
  `aksi` enum('create','update','resolve') NOT NULL,
  `status_lama` varchar(20) DEFAULT NULL,
  `status_baru` varchar(20) NOT NULL,
  `oleh` enum('guru','admin') NOT NULL,
  `user_id` int(11) NOT NULL,
  `keterangan` varchar(255) DEFAULT NULL,
  `created_at` datetime DEFAULT current_timestamp()
) ENGINE=InnoDB DEFAULT CHARSET=latin1 COLLATE=latin1_swedish_ci;

-- --------------------------------------------------------

--
-- Table structure for table `audit_log`
--

CREATE TABLE `audit_log` (
  `id` int(11) NOT NULL,
  `user_id` int(11) NOT NULL,
  `aksi` varchar(100) NOT NULL,
  `keterangan` text DEFAULT NULL,
  `ip_address` varchar(50) DEFAULT NULL,
  `created_at` datetime DEFAULT current_timestamp()
) ENGINE=InnoDB DEFAULT CHARSET=latin1 COLLATE=latin1_swedish_ci;

--
-- Dumping data for table `audit_log`
--

INSERT INTO `audit_log` (`id`, `user_id`, `aksi`, `keterangan`, `ip_address`, `created_at`) VALUES
(1, 3, 'UPDATE PROFIL', 'Update foto/password', '118.99.125.8', '2026-02-01 03:46:03'),
(2, 3, 'LOGOUT', 'User logout', '118.99.125.8', '2026-02-01 03:46:23'),
(3, 2, 'LOGIN', 'User login ke sistem', '118.99.125.8', '2026-02-01 04:04:34'),
(4, 4, 'LOGIN', 'User login ke sistem', '118.99.125.8', '2026-02-01 04:09:39'),
(5, 4, 'LOGIN', 'User login ke sistem', '118.99.125.8', '2026-02-01 04:14:42'),
(6, 3, 'LOGIN', 'User login ke sistem', '118.99.125.8', '2026-02-01 04:18:36'),
(7, 2, 'LOGIN', 'User login ke sistem', '118.99.125.8', '2026-02-01 14:38:18'),
(8, 3, 'LOGIN', 'User login ke sistem', '118.99.125.8', '2026-02-01 14:45:39'),
(9, 2, 'LOGIN', 'User login ke sistem', '118.99.125.8', '2026-02-01 15:08:44'),
(10, 2, 'LOGIN', 'User login ke sistem', '118.99.125.8', '2026-02-01 15:31:14'),
(11, 2, 'LOGIN', 'User login ke sistem', '118.99.125.8', '2026-02-01 19:50:01'),
(12, 2, 'LOGOUT', 'User logout', '118.99.125.8', '2026-02-01 20:01:59'),
(13, 2, 'LOGIN', 'User login ke sistem', '118.99.125.8', '2026-02-01 20:02:16'),
(14, 2, 'LOGIN', 'User login ke sistem', '118.99.125.8', '2026-02-01 23:11:14'),
(15, 2, 'UPLOAD MATERI', 'Materi: test', '118.99.125.8', '2026-02-02 00:31:12'),
(16, 2, 'UPLOAD MATERI', 'Materi: aaaaaaaa', '118.99.125.8', '2026-02-02 00:46:46'),
(17, 2, 'EDIT MATERI', 'Materi ID: 4', '118.99.125.8', '2026-02-02 00:47:05'),
(18, 2, 'EDIT MATERI', 'Materi ID: 3', '118.99.125.8', '2026-02-02 00:47:36'),
(19, 2, 'UPLOAD MATERI', 'Materi: aaaa', '118.99.125.8', '2026-02-02 00:55:51'),
(20, 2, 'UPLOAD MATERI', 'Materi: sdfaf', '118.99.125.8', '2026-02-02 01:00:23'),
(21, 2, 'UPLOAD MATERI', 'Materi: qawe', '118.99.125.8', '2026-02-02 01:02:58'),
(22, 2, 'UPLOAD MATERI', 'Materi: qawe', '118.99.125.8', '2026-02-02 01:02:58'),
(23, 2, 'UPLOAD MATERI', 'Materi: asdasd', '118.99.125.8', '2026-02-02 01:10:01'),
(24, 2, 'UPLOAD MATERI', 'Materi: sefs', '118.99.125.8', '2026-02-02 01:12:05'),
(25, 6, 'LOGIN', 'User login ke sistem', '118.99.125.8', '2026-02-02 03:24:09'),
(26, 6, 'ABSENSI', 'Melakukan absensi lokasi NICC', '118.99.125.8', '2026-02-02 03:56:37'),
(27, 6, 'UPDATE PROFIL', 'Update foto/password', '118.99.125.8', '2026-02-02 04:16:17'),
(28, 6, 'LOGOUT', 'User logout', '118.99.125.8', '2026-02-02 04:18:59'),
(29, 6, 'LOGIN', 'User login ke sistem', '118.99.125.8', '2026-02-02 04:19:16'),
(30, 6, 'LOGOUT', 'User logout', '118.99.125.8', '2026-02-02 04:19:16'),
(31, 6, 'LOGIN', 'User login ke sistem', '118.99.125.8', '2026-02-02 04:19:25'),
(32, 6, 'LOGOUT', 'User logout', '118.99.125.8', '2026-02-02 04:19:25'),
(33, 2, 'LOGOUT', 'User logout', '118.99.125.8', '2026-02-02 04:19:39'),
(34, 2, 'LOGIN', 'User login ke sistem', '118.99.125.8', '2026-02-02 04:19:48'),
(35, 6, 'LOGIN', 'User login ke sistem', '118.99.125.8', '2026-02-02 04:20:13'),
(36, 6, 'LOGOUT', 'User logout', '118.99.125.8', '2026-02-02 04:20:13'),
(37, 6, 'LOGIN', 'User login ke sistem', '118.99.125.8', '2026-02-02 04:36:16'),
(38, 6, 'UPDATE PROFIL', 'Update foto/password', '118.99.125.8', '2026-02-02 05:03:03'),
(39, 2, 'LOGOUT', 'User logout', '118.99.125.8', '2026-02-02 05:11:54'),
(40, 2, 'LOGIN', 'User login ke sistem', '118.99.125.8', '2026-02-02 05:12:03'),
(41, 6, 'LOGIN', 'User login ke sistem', '118.99.125.8', '2026-02-02 13:09:14'),
(42, 2, 'LOGIN', 'User login ke sistem', '118.99.125.8', '2026-02-02 13:09:56'),
(43, 6, 'LOGOUT', 'User logout', '118.99.125.8', '2026-02-02 13:10:30'),
(44, 6, 'LOGIN', 'User login ke sistem', '118.99.125.8', '2026-02-02 13:10:40'),
(45, 2, 'LOGIN', 'User login ke sistem', '118.99.125.8', '2026-02-02 15:31:50'),
(46, 6, 'LOGIN', 'User login ke sistem', '118.99.125.8', '2026-02-02 15:32:13'),
(47, 6, 'LOGIN', 'User login ke sistem', '118.99.125.8', '2026-02-02 15:48:29'),
(48, 6, 'LOGOUT', 'User logout', '118.99.125.8', '2026-02-02 15:53:44'),
(49, 6, 'LOGIN', 'User login ke sistem', '118.99.125.8', '2026-02-02 15:53:49'),
(50, 6, 'LOGIN', 'User login ke sistem', '118.99.125.8', '2026-02-02 15:57:37'),
(51, 6, 'LOGIN', 'User login ke sistem', '118.99.125.8', '2026-02-02 16:48:53'),
(52, 2, 'LOGIN', 'User login ke sistem', '118.99.125.8', '2026-02-02 17:01:48'),
(53, 6, 'ABSENSI', 'Absensi Sekolah Minggu', '118.99.125.8', '2026-02-02 17:14:24'),
(54, 6, 'LOGOUT', 'User logout', '118.99.125.8', '2026-02-02 17:28:16'),
(55, 6, 'LOGIN', 'User login ke sistem', '118.99.125.8', '2026-02-02 17:28:22'),
(56, 6, 'LOGIN', 'User login ke sistem', '118.99.125.8', '2026-02-02 22:23:48'),
(57, 6, 'LOGIN', 'User login ke sistem', '118.99.125.8', '2026-02-02 22:52:35'),
(58, 2, 'LOGIN', 'User login ke sistem', '118.99.125.8', '2026-02-02 22:59:26'),
(59, 6, 'LOGOUT', 'User logout', '118.99.125.8', '2026-02-02 23:33:24'),
(60, 6, 'LOGIN', 'User login ke sistem', '118.99.125.8', '2026-02-02 23:33:36'),
(61, 6, 'LOGOUT', 'User logout', '118.99.125.8', '2026-02-02 23:40:48'),
(62, 6, 'LOGIN', 'User login ke sistem', '118.99.125.8', '2026-02-02 23:40:54'),
(63, 6, 'LOGOUT', 'User logout', '118.99.125.8', '2026-02-03 01:07:33'),
(64, 6, 'LOGIN', 'User login ke sistem', '118.99.125.8', '2026-02-03 01:07:40'),
(65, 6, 'LOGOUT', 'User logout', '118.99.125.8', '2026-02-03 02:11:49'),
(66, 6, 'LOGIN', 'User login ke sistem', '118.99.125.8', '2026-02-03 02:11:54'),
(67, 2, 'LOGOUT', 'User logout', '118.99.125.8', '2026-02-03 02:44:48'),
(68, 2, 'LOGIN', 'User login ke sistem', '118.99.125.8', '2026-02-03 02:44:55'),
(69, 2, 'LOGOUT', 'User logout', '118.99.125.8', '2026-02-03 03:22:27'),
(70, 2, 'LOGIN', 'User login ke sistem', '118.99.125.8', '2026-02-03 03:22:34'),
(71, 6, 'LOGIN', 'User login ke sistem', '118.99.125.8', '2026-02-03 11:17:58'),
(72, 6, 'LOGIN', 'User login ke sistem', '118.99.125.8', '2026-02-03 16:15:20'),
(73, 6, 'LOGIN', 'User login ke sistem', '118.99.125.8', '2026-02-03 16:32:54'),
(74, 6, 'LOGIN', 'User login ke sistem', '118.99.125.8', '2026-02-03 16:37:03');

-- --------------------------------------------------------

--
-- Table structure for table `ci_sessions`
--

CREATE TABLE `ci_sessions` (
  `id` varchar(128) NOT NULL,
  `ip_address` varchar(45) NOT NULL,
  `timestamp` int(10) UNSIGNED NOT NULL DEFAULT 0,
  `data` blob NOT NULL
) ENGINE=InnoDB DEFAULT CHARSET=utf8mb4 COLLATE=utf8mb4_general_ci;

--
-- Dumping data for table `ci_sessions`
--

INSERT INTO `ci_sessions` (`id`, `ip_address`, `timestamp`, `data`) VALUES
('ci_session:03f929e586df0e8aa565353958581468', '118.99.125.8', 4294967295, 0x5f5f63695f6c6173745f726567656e65726174657c693a313737303131313432333b636170746368615f616e737c693a31353b636170746368615f717c733a393a2237202b2038203d203f223b5f63695f70726576696f75735f75726c7c733a34343a2268747470733a2f2f616273656e73692e6473636d6b6964732e6f6e6c696e652f677572752f616273656e7369223b757365725f69647c733a313a2236223b6e616d615f646570616e7c733a343a2272757468223b726f6c655f69647c733a313a2233223b666f746f7c733a34373a22313736393938333338335f313736393938333338335f32393331306666646565396637623364646563332e77656270223b69734c6f67676564496e7c623a313b),
('ci_session:0db5d50a6aae89617c79d53879acbbaa', '118.99.125.8', 4294967295, 0x5f5f63695f6c6173745f726567656e65726174657c693a313737303035313436323b636170746368615f616e737c693a31333b636170746368615f717c733a393a2239202b2034203d203f223b5f63695f70726576696f75735f75726c7c733a38313a2268747470733a2f2f616273656e73692e6473636d6b6964732e6f6e6c696e652f677572752f616273656e73692f74616d70696c6b616e3f6b656c6173253542302535443d31266c6f6b6173693d4e494343223b757365725f69647c733a313a2236223b6e616d615f646570616e7c733a343a2272757468223b726f6c655f69647c733a313a2233223b666f746f7c733a34373a22313736393938333338335f313736393938333338335f32393331306666646565396637623364646563332e77656270223b69734c6f67676564496e7c623a313b),
('ci_session:10d077efec8716e8dbf36bcc78e721e2', '118.99.125.8', 4294967295, 0x5f5f63695f6c6173745f726567656e65726174657c693a313737303036313839363b636170746368615f616e737c693a393b636170746368615f717c733a393a2237202b2032203d203f223b5f63695f70726576696f75735f75726c7c733a36333a2268747470733a2f2f616273656e73692e6473636d6b6964732e6f6e6c696e652f64617368626f6172642f61646d696e2f616273656e73692f6f7665726c6170223b757365725f69647c733a313a2232223b6e616d615f646570616e7c733a353a2242726f776e223b726f6c655f69647c733a313a2232223b666f746f7c733a31313a2264656661756c742e706e67223b69734c6f67676564496e7c623a313b),
('ci_session:13491a6d80b8de6083c9a09ec07ea301', '118.99.125.8', 4294967295, 0x5f5f63695f6c6173745f726567656e65726174657c693a313737303035353032383b636170746368615f616e737c693a31333b636170746368615f717c733a393a2239202b2034203d203f223b5f63695f70726576696f75735f75726c7c733a38313a2268747470733a2f2f616273656e73692e6473636d6b6964732e6f6e6c696e652f677572752f616273656e73692f74616d70696c6b616e3f6b656c6173253542302535443d31266c6f6b6173693d4e494343223b757365725f69647c733a313a2236223b6e616d615f646570616e7c733a343a2272757468223b726f6c655f69647c733a313a2233223b666f746f7c733a34373a22313736393938333338335f313736393938333338335f32393331306666646565396637623364646563332e77656270223b69734c6f67676564496e7c623a313b),
('ci_session:135e9a9fb26ded66543343c81bd9dab4', '118.99.125.8', 4294967295, 0x5f5f63695f6c6173745f726567656e65726174657c693a313737303035383039303b636170746368615f616e737c693a31323b636170746368615f717c733a393a2237202b2035203d203f223b5f63695f70726576696f75735f75726c7c733a34363a2268747470733a2f2f616273656e73692e6473636d6b6964732e6f6e6c696e652f64617368626f6172642f67757275223b757365725f69647c733a313a2236223b6e616d615f646570616e7c733a343a2272757468223b726f6c655f69647c733a313a2233223b666f746f7c733a34373a22313736393938333338335f313736393938333338335f32393331306666646565396637623364646563332e77656270223b69734c6f67676564496e7c623a313b),
('ci_session:14fb3523c2bc6c5759ec04712036fb6d', '118.99.125.8', 4294967295, 0x5f5f63695f6c6173745f726567656e65726174657c693a313737303131313136363b636170746368615f616e737c693a383b636170746368615f717c733a393a2233202b2035203d203f223b5f63695f70726576696f75735f75726c7c733a34363a2268747470733a2f2f616273656e73692e6473636d6b6964732e6f6e6c696e652f64617368626f6172642f67757275223b757365725f69647c733a313a2236223b6e616d615f646570616e7c733a343a2272757468223b726f6c655f69647c733a313a2233223b666f746f7c733a34373a22313736393938333338335f313736393938333338335f32393331306666646565396637623364646563332e77656270223b69734c6f67676564496e7c623a313b),
('ci_session:16f267128e397662ca7e5ae0d6d68911', '118.99.125.8', 4294967295, 0x5f5f63695f6c6173745f726567656e65726174657c693a313737303032343830353b636170746368615f616e737c693a31333b636170746368615f717c733a393a2234202b2039203d203f223b5f63695f70726576696f75735f75726c7c733a35343a2268747470733a2f2f616273656e73692e6473636d6b6964732e6f6e6c696e652f677572752f616273656e73692f74616d70696c6b616e223b757365725f69647c733a313a2236223b6e616d615f646570616e7c733a343a2272757468223b726f6c655f69647c733a313a2233223b666f746f7c733a34373a22313736393938333338335f313736393938333338335f32393331306666646565396637623364646563332e77656270223b69734c6f67676564496e7c623a313b616273656e5f6b656c61737c613a323a7b693a303b733a313a2231223b693a313b733a313a2232223b7d616273656e5f6c6f6b6173697c733a343a224e494343223b),
('ci_session:17eb3b1c7f1bbf938c271ef6878a52a5', '118.99.125.8', 4294967295, 0x5f5f63695f6c6173745f726567656e65726174657c693a313737303131303739333b636170746368615f616e737c693a383b636170746368615f717c733a393a2233202b2035203d203f223b5f63695f70726576696f75735f75726c7c733a34363a2268747470733a2f2f616273656e73692e6473636d6b6964732e6f6e6c696e652f64617368626f6172642f67757275223b757365725f69647c733a313a2236223b6e616d615f646570616e7c733a343a2272757468223b726f6c655f69647c733a313a2233223b666f746f7c733a34373a22313736393938333338335f313736393938333338335f32393331306666646565396637623364646563332e77656270223b69734c6f67676564496e7c623a313b),
('ci_session:18dcd472e1b11fea54fc4240ee6067e5', '43.157.170.13', 4294967295, 0x5f5f63695f6c6173745f726567656e65726174657c693a313737303038313934363b5f63695f70726576696f75735f75726c7c733a33323a2268747470733a2f2f616273656e73692e6473636d6b6964732e6f6e6c696e652f223b),
('ci_session:1a0ae7ff21fef5ac8b58b4406c480cc4', '2620:96:e000::103', 4294967295, 0x5f5f63695f6c6173745f726567656e65726174657c693a313737303039373431353b5f63695f70726576696f75735f75726c7c733a33323a2268747470733a2f2f616273656e73692e6473636d6b6964732e6f6e6c696e652f223b),
('ci_session:1a428c523f0bdcc9501f098ee50dac5f', '118.99.125.8', 4294967295, 0x5f5f63695f6c6173745f726567656e65726174657c693a313737303032353130393b636170746368615f616e737c693a31333b636170746368615f717c733a393a2234202b2039203d203f223b5f63695f70726576696f75735f75726c7c733a35343a2268747470733a2f2f616273656e73692e6473636d6b6964732e6f6e6c696e652f677572752f616273656e73692f74616d70696c6b616e223b757365725f69647c733a313a2236223b6e616d615f646570616e7c733a343a2272757468223b726f6c655f69647c733a313a2233223b666f746f7c733a34373a22313736393938333338335f313736393938333338335f32393331306666646565396637623364646563332e77656270223b69734c6f67676564496e7c623a313b616273656e5f6b656c61737c613a323a7b693a303b733a313a2231223b693a313b733a313a2232223b7d616273656e5f6c6f6b6173697c733a343a224e494343223b5f5f63695f766172737c613a303a7b7d),
('ci_session:1dad18e60b00a369f743578a46344cef', '118.99.125.8', 4294967295, 0x5f5f63695f6c6173745f726567656e65726174657c693a313737303035353035393b636170746368615f616e737c693a31333b636170746368615f717c733a393a2239202b2034203d203f223b5f63695f70726576696f75735f75726c7c733a36313a2268747470733a2f2f616273656e73692e6473636d6b6964732e6f6e6c696e652f64617368626f6172642f61646d696e2f72656b61702d616273656e7369223b757365725f69647c733a313a2232223b6e616d615f646570616e7c733a353a2242726f776e223b726f6c655f69647c733a313a2232223b666f746f7c733a31313a2264656661756c742e706e67223b69734c6f67676564496e7c623a313b),
('ci_session:253174f02a05ad10bb8377bd7ed1b7bb', '118.99.125.8', 4294967295, 0x5f5f63695f6c6173745f726567656e65726174657c693a313737303032363530383b636170746368615f616e737c693a383b636170746368615f717c733a393a2235202b2033203d203f223b5f63695f70726576696f75735f75726c7c733a36313a2268747470733a2f2f616273656e73692e6473636d6b6964732e6f6e6c696e652f64617368626f6172642f61646d696e2f72656b61702d616273656e7369223b757365725f69647c733a313a2232223b6e616d615f646570616e7c733a353a2242726f776e223b726f6c655f69647c733a313a2232223b666f746f7c733a31313a2264656661756c742e706e67223b69734c6f67676564496e7c623a313b),
('ci_session:266b3099c6b198b7e3a272c6f744dd38', '118.99.125.8', 4294967295, 0x5f5f63695f6c6173745f726567656e65726174657c693a313737303034383138343b5f63695f70726576696f75735f75726c7c733a34343a2268747470733a2f2f616273656e73692e6473636d6b6964732e6f6e6c696e652f677572752f616273656e7369223b636170746368615f616e737c693a373b636170746368615f717c733a393a2231202b2036203d203f223b757365725f69647c733a313a2236223b6e616d615f646570616e7c733a343a2272757468223b726f6c655f69647c733a313a2233223b666f746f7c733a34373a22313736393938333338335f313736393938333338335f32393331306666646565396637623364646563332e77656270223b69734c6f67676564496e7c623a313b5f5f63695f766172737c613a303a7b7d),
('ci_session:26dec4a241728e270d3f1c03269cb606', '118.99.125.8', 4294967295, 0x5f5f63695f6c6173745f726567656e65726174657c693a313737303036343334323b636170746368615f616e737c693a31313b636170746368615f717c733a393a2235202b2036203d203f223b5f63695f70726576696f75735f75726c7c733a36313a2268747470733a2f2f616273656e73692e6473636d6b6964732e6f6e6c696e652f64617368626f6172642f61646d696e2f72656b61702d616273656e7369223b757365725f69647c733a313a2232223b6e616d615f646570616e7c733a353a2242726f776e223b726f6c655f69647c733a313a2232223b666f746f7c733a31313a2264656661756c742e706e67223b69734c6f67676564496e7c623a313b),
('ci_session:2b5d9f44c506e95a02269d7209014564', '118.99.125.8', 4294967295, 0x5f5f63695f6c6173745f726567656e65726174657c693a313737303036323334333b636170746368615f616e737c693a393b636170746368615f717c733a393a2237202b2032203d203f223b5f63695f70726576696f75735f75726c7c733a36333a2268747470733a2f2f616273656e73692e6473636d6b6964732e6f6e6c696e652f64617368626f6172642f61646d696e2f616273656e73692f6f7665726c6170223b757365725f69647c733a313a2232223b6e616d615f646570616e7c733a353a2242726f776e223b726f6c655f69647c733a313a2232223b666f746f7c733a31313a2264656661756c742e706e67223b69734c6f67676564496e7c623a313b),
('ci_session:2b7d42de94ee3dde180d647ddb4499d9', '118.99.125.8', 4294967295, 0x5f5f63695f6c6173745f726567656e65726174657c693a313737303034363433303b636170746368615f616e737c693a373b636170746368615f717c733a393a2236202b2031203d203f223b5f63695f70726576696f75735f75726c7c733a34343a2268747470733a2f2f616273656e73692e6473636d6b6964732e6f6e6c696e652f677572752f616273656e7369223b757365725f69647c733a313a2236223b6e616d615f646570616e7c733a343a2272757468223b726f6c655f69647c733a313a2233223b666f746f7c733a34373a22313736393938333338335f313736393938333338335f32393331306666646565396637623364646563332e77656270223b69734c6f67676564496e7c623a313b6572726f727c733a32303a2250696c6968206b656c61732026206c6f6b617369223b5f5f63695f766172737c613a313a7b733a353a226572726f72223b733a333a226f6c64223b7d),
('ci_session:2f998eae8af9e2747a1eaafdac676723', '118.99.125.8', 4294967295, 0x5f5f63695f6c6173745f726567656e65726174657c693a313737303035313835313b636170746368615f616e737c693a31333b636170746368615f717c733a393a2239202b2034203d203f223b5f63695f70726576696f75735f75726c7c733a38313a2268747470733a2f2f616273656e73692e6473636d6b6964732e6f6e6c696e652f677572752f616273656e73692f74616d70696c6b616e3f6b656c6173253542302535443d31266c6f6b6173693d4e494343223b757365725f69647c733a313a2236223b6e616d615f646570616e7c733a343a2272757468223b726f6c655f69647c733a313a2233223b666f746f7c733a34373a22313736393938333338335f313736393938333338335f32393331306666646565396637623364646563332e77656270223b69734c6f67676564496e7c623a313b),
('ci_session:308703c7aa9308ab0c6041bee74bf58e', '118.99.125.8', 4294967295, 0x5f5f63695f6c6173745f726567656e65726174657c693a313737303036343835343b636170746368615f616e737c693a373b636170746368615f717c733a393a2231202b2036203d203f223b5f63695f70726576696f75735f75726c7c733a34343a2268747470733a2f2f616273656e73692e6473636d6b6964732e6f6e6c696e652f677572752f616273656e7369223b757365725f69647c733a313a2236223b6e616d615f646570616e7c733a343a2272757468223b726f6c655f69647c733a313a2233223b666f746f7c733a34373a22313736393938333338335f313736393938333338335f32393331306666646565396637623364646563332e77656270223b69734c6f67676564496e7c623a313b),
('ci_session:3c37b3f2cd24111fb7385cc265c7f35c', '118.99.125.8', 4294967295, 0x5f5f63695f6c6173745f726567656e65726174657c693a313737303035383639373b636170746368615f616e737c693a31333b636170746368615f717c733a393a2239202b2034203d203f223b5f63695f70726576696f75735f75726c7c733a36333a2268747470733a2f2f616273656e73692e6473636d6b6964732e6f6e6c696e652f64617368626f6172642f61646d696e2f616273656e73692f6f7665726c6170223b757365725f69647c733a313a2232223b6e616d615f646570616e7c733a353a2242726f776e223b726f6c655f69647c733a313a2232223b666f746f7c733a31313a2264656661756c742e706e67223b69734c6f67676564496e7c623a313b),
('ci_session:3cb0d7cc5f19148538737356d9db9d2b', '118.99.125.8', 4294967295, 0x5f5f63695f6c6173745f726567656e65726174657c693a313737303036333733383b636170746368615f616e737c693a393b636170746368615f717c733a393a2237202b2032203d203f223b5f63695f70726576696f75735f75726c7c733a36333a2268747470733a2f2f616273656e73692e6473636d6b6964732e6f6e6c696e652f64617368626f6172642f61646d696e2f616273656e73692f6f7665726c6170223b757365725f69647c733a313a2232223b6e616d615f646570616e7c733a353a2242726f776e223b726f6c655f69647c733a313a2232223b666f746f7c733a31313a2264656661756c742e706e67223b69734c6f67676564496e7c623a313b),
('ci_session:3e7515f0ab5e450fa04fafcaf550cacc', '118.99.125.8', 4294967295, 0x5f5f63695f6c6173745f726567656e65726174657c693a313737303035393133383b636170746368615f616e737c693a31333b636170746368615f717c733a393a2239202b2034203d203f223b5f63695f70726576696f75735f75726c7c733a36333a2268747470733a2f2f616273656e73692e6473636d6b6964732e6f6e6c696e652f64617368626f6172642f61646d696e2f616273656e73692f6f7665726c6170223b757365725f69647c733a313a2232223b6e616d615f646570616e7c733a353a2242726f776e223b726f6c655f69647c733a313a2232223b666f746f7c733a31313a2264656661756c742e706e67223b69734c6f67676564496e7c623a313b),
('ci_session:43f1332b96eb32b2fbe44bfc29074bb3', '118.99.125.8', 4294967295, 0x5f5f63695f6c6173745f726567656e65726174657c693a313737303035343136313b636170746368615f616e737c693a31333b636170746368615f717c733a393a2239202b2034203d203f223b5f63695f70726576696f75735f75726c7c733a34343a2268747470733a2f2f616273656e73692e6473636d6b6964732e6f6e6c696e652f677572752f616273656e7369223b757365725f69647c733a313a2236223b6e616d615f646570616e7c733a343a2272757468223b726f6c655f69647c733a313a2233223b666f746f7c733a34373a22313736393938333338335f313736393938333338335f32393331306666646565396637623364646563332e77656270223b69734c6f67676564496e7c623a313b),
('ci_session:48ce1bd1a31c25b36623acac106ff639', '118.99.125.8', 4294967295, 0x5f5f63695f6c6173745f726567656e65726174657c693a313737303035373530343b636170746368615f616e737c693a31333b636170746368615f717c733a393a2239202b2034203d203f223b5f63695f70726576696f75735f75726c7c733a36333a2268747470733a2f2f616273656e73692e6473636d6b6964732e6f6e6c696e652f64617368626f6172642f61646d696e2f616273656e73692f6f7665726c6170223b757365725f69647c733a313a2232223b6e616d615f646570616e7c733a353a2242726f776e223b726f6c655f69647c733a313a2232223b666f746f7c733a31313a2264656661756c742e706e67223b69734c6f67676564496e7c623a313b),
('ci_session:4a2e60fa152dcaa5612003975ef5435d', '118.99.125.8', 4294967295, 0x5f5f63695f6c6173745f726567656e65726174657c693a313737303032373639363b636170746368615f616e737c693a353b636170746368615f717c733a393a2231202b2034203d203f223b5f63695f70726576696f75735f75726c7c733a34343a2268747470733a2f2f616273656e73692e6473636d6b6964732e6f6e6c696e652f677572752f616273656e7369223b757365725f69647c733a313a2236223b6e616d615f646570616e7c733a343a2272757468223b726f6c655f69647c733a313a2233223b666f746f7c733a34373a22313736393938333338335f313736393938333338335f32393331306666646565396637623364646563332e77656270223b69734c6f67676564496e7c623a313b616273656e5f6b656c61737c613a323a7b693a303b733a313a2231223b693a313b733a313a2232223b7d616273656e5f6c6f6b6173697c733a343a224e494343223b6572726f727c733a35323a22416273656e73692073756461682064696c616b756b616e2070756b756c2030333a35363a3337206f6c6568204b616b2072757468223b5f5f63695f766172737c613a323a7b733a353a226572726f72223b733a333a226f6c64223b733a31323a2264657461696c5f646f62656c223b733a333a226f6c64223b7d64657461696c5f646f62656c7c623a313b),
('ci_session:4c04dc93ce8adbb8a66178fc47956328', '118.99.125.8', 4294967295, 0x5f5f63695f6c6173745f726567656e65726174657c693a313737303035303434353b636170746368615f616e737c693a383b636170746368615f717c733a393a2235202b2033203d203f223b5f63695f70726576696f75735f75726c7c733a38313a2268747470733a2f2f616273656e73692e6473636d6b6964732e6f6e6c696e652f677572752f616273656e73692f74616d70696c6b616e3f6b656c6173253542302535443d31266c6f6b6173693d4e494343223b757365725f69647c733a313a2236223b6e616d615f646570616e7c733a343a2272757468223b726f6c655f69647c733a313a2233223b666f746f7c733a34373a22313736393938333338335f313736393938333338335f32393331306666646565396637623364646563332e77656270223b69734c6f67676564496e7c623a313b),
('ci_session:4dce69791a306873b9a8ebec7fcbab89', '118.99.125.8', 4294967295, 0x5f5f63695f6c6173745f726567656e65726174657c693a313737303035313038333b636170746368615f616e737c693a31333b636170746368615f717c733a393a2239202b2034203d203f223b5f63695f70726576696f75735f75726c7c733a38313a2268747470733a2f2f616273656e73692e6473636d6b6964732e6f6e6c696e652f677572752f616273656e73692f74616d70696c6b616e3f6b656c6173253542302535443d31266c6f6b6173693d4e494343223b757365725f69647c733a313a2236223b6e616d615f646570616e7c733a343a2272757468223b726f6c655f69647c733a313a2233223b666f746f7c733a34373a22313736393938333338335f313736393938333338335f32393331306666646565396637623364646563332e77656270223b69734c6f67676564496e7c623a313b),
('ci_session:50cad9c35dc455b0eb4b63a6727fa735', '118.99.125.8', 4294967295, 0x5f5f63695f6c6173745f726567656e65726174657c693a313737303035353430353b636170746368615f616e737c693a31333b636170746368615f717c733a393a2239202b2034203d203f223b5f63695f70726576696f75735f75726c7c733a35333a2268747470733a2f2f616273656e73692e6473636d6b6964732e6f6e6c696e652f677572752f616273656e73692d686172692d696e69223b757365725f69647c733a313a2236223b6e616d615f646570616e7c733a343a2272757468223b726f6c655f69647c733a313a2233223b666f746f7c733a34373a22313736393938333338335f313736393938333338335f32393331306666646565396637623364646563332e77656270223b69734c6f67676564496e7c623a313b),
('ci_session:51acb6c8c791419a737f02ed6c56090e', '118.99.125.8', 4294967295, 0x5f5f63695f6c6173745f726567656e65726174657c693a313737303035323138383b636170746368615f616e737c693a31333b636170746368615f717c733a393a2239202b2034203d203f223b5f63695f70726576696f75735f75726c7c733a34343a2268747470733a2f2f616273656e73692e6473636d6b6964732e6f6e6c696e652f677572752f616273656e7369223b757365725f69647c733a313a2236223b6e616d615f646570616e7c733a343a2272757468223b726f6c655f69647c733a313a2233223b666f746f7c733a34373a22313736393938333338335f313736393938333338335f32393331306666646565396637623364646563332e77656270223b69734c6f67676564496e7c623a313b),
('ci_session:53689f8ec79440a595ed2858a1cc9200', '118.99.125.8', 4294967295, 0x5f5f63695f6c6173745f726567656e65726174657c693a313737303034373837303b5f63695f70726576696f75735f75726c7c733a34343a2268747470733a2f2f616273656e73692e6473636d6b6964732e6f6e6c696e652f677572752f616273656e7369223b636170746368615f616e737c693a373b636170746368615f717c733a393a2231202b2036203d203f223b757365725f69647c733a313a2236223b6e616d615f646570616e7c733a343a2272757468223b726f6c655f69647c733a313a2233223b666f746f7c733a34373a22313736393938333338335f313736393938333338335f32393331306666646565396637623364646563332e77656270223b69734c6f67676564496e7c623a313b),
('ci_session:558f3c875b1d7cb78448faa62f5db291', '43.130.47.33', 4294967295, 0x5f5f63695f6c6173745f726567656e65726174657c693a313737303035373530373b5f63695f70726576696f75735f75726c7c733a33323a2268747470733a2f2f616273656e73692e6473636d6b6964732e6f6e6c696e652f223b),
('ci_session:58d73e1a5f4ce5531e61523c1a8c2d5f', '118.99.125.8', 4294967295, 0x5f5f63695f6c6173745f726567656e65726174657c693a313737303035393431303b636170746368615f616e737c693a31323b636170746368615f717c733a393a2237202b2035203d203f223b5f63695f70726576696f75735f75726c7c733a34363a2268747470733a2f2f616273656e73692e6473636d6b6964732e6f6e6c696e652f64617368626f6172642f67757275223b757365725f69647c733a313a2236223b6e616d615f646570616e7c733a343a2272757468223b726f6c655f69647c733a313a2233223b666f746f7c733a34373a22313736393938333338335f313736393938333338335f32393331306666646565396637623364646563332e77656270223b69734c6f67676564496e7c623a313b),
('ci_session:5b9dbba6e150f8b504dd4c63218a8ffc', '118.99.125.8', 4294967295, 0x5f5f63695f6c6173745f726567656e65726174657c693a313737303035373433363b636170746368615f616e737c693a31323b636170746368615f717c733a393a2237202b2035203d203f223b5f63695f70726576696f75735f75726c7c733a34363a2268747470733a2f2f616273656e73692e6473636d6b6964732e6f6e6c696e652f64617368626f6172642f67757275223b757365725f69647c733a313a2236223b6e616d615f646570616e7c733a343a2272757468223b726f6c655f69647c733a313a2233223b666f746f7c733a34373a22313736393938333338335f313736393938333338335f32393331306666646565396637623364646563332e77656270223b69734c6f67676564496e7c623a313b),
('ci_session:5f9fa54a2b7eda8ca9ded5d47959922d', '118.99.125.8', 4294967295, 0x5f5f63695f6c6173745f726567656e65726174657c693a313737303036303338393b636170746368615f616e737c693a31333b636170746368615f717c733a393a2239202b2034203d203f223b5f63695f70726576696f75735f75726c7c733a36313a2268747470733a2f2f616273656e73692e6473636d6b6964732e6f6e6c696e652f64617368626f6172642f61646d696e2f72656b61702d616273656e7369223b757365725f69647c733a313a2232223b6e616d615f646570616e7c733a353a2242726f776e223b726f6c655f69647c733a313a2232223b666f746f7c733a31313a2264656661756c742e706e67223b69734c6f67676564496e7c623a313b),
('ci_session:6357ea380d6abf07e76fed4d43f30b23', '47.195.122.115', 4294967295, 0x5f5f63695f6c6173745f726567656e65726174657c693a313737303036323038353b5f63695f70726576696f75735f75726c7c733a33323a2268747470733a2f2f616273656e73692e6473636d6b6964732e6f6e6c696e652f223b),
('ci_session:69641be15f99742076778bb72168dffe', '118.99.125.8', 4294967295, 0x5f5f63695f6c6173745f726567656e65726174657c693a313737303035383734393b636170746368615f616e737c693a31323b636170746368615f717c733a393a2237202b2035203d203f223b5f63695f70726576696f75735f75726c7c733a34363a2268747470733a2f2f616273656e73692e6473636d6b6964732e6f6e6c696e652f64617368626f6172642f67757275223b757365725f69647c733a313a2236223b6e616d615f646570616e7c733a343a2272757468223b726f6c655f69647c733a313a2233223b666f746f7c733a34373a22313736393938333338335f313736393938333338335f32393331306666646565396637623364646563332e77656270223b69734c6f67676564496e7c623a313b),
('ci_session:6f28ce4179c9e7338d624c2f8d883d4a', '118.99.125.8', 4294967295, 0x5f5f63695f6c6173745f726567656e65726174657c693a313737303034363132393b636170746368615f616e737c693a373b636170746368615f717c733a393a2236202b2031203d203f223b5f63695f70726576696f75735f75726c7c733a34343a2268747470733a2f2f616273656e73692e6473636d6b6964732e6f6e6c696e652f677572752f616273656e7369223b757365725f69647c733a313a2236223b6e616d615f646570616e7c733a343a2272757468223b726f6c655f69647c733a313a2233223b666f746f7c733a34373a22313736393938333338335f313736393938333338335f32393331306666646565396637623364646563332e77656270223b69734c6f67676564496e7c623a313b),
('ci_session:72713d7a51cd6dc2259248529c4ee580', '142.93.189.226', 4294967295, 0x5f5f63695f6c6173745f726567656e65726174657c693a313737303032373431323b5f63695f70726576696f75735f75726c7c733a33323a2268747470733a2f2f616273656e73692e6473636d6b6964732e6f6e6c696e652f223b),
('ci_session:73946880d302b9a9fba90148050404e6', '159.65.8.51', 4294967295, 0x5f5f63695f6c6173745f726567656e65726174657c693a313737303037323830323b5f63695f70726576696f75735f75726c7c733a33323a2268747470733a2f2f616273656e73692e6473636d6b6964732e6f6e6c696e652f223b),
('ci_session:7a4a80c260aec751b1f3508ed44e3c73', '118.99.125.8', 4294967295, 0x5f5f63695f6c6173745f726567656e65726174657c693a313737303032363135383b636170746368615f616e737c693a353b636170746368615f717c733a393a2231202b2034203d203f223b5f63695f70726576696f75735f75726c7c733a34363a2268747470733a2f2f616273656e73692e6473636d6b6964732e6f6e6c696e652f64617368626f6172642f67757275223b757365725f69647c733a313a2236223b6e616d615f646570616e7c733a343a2272757468223b726f6c655f69647c733a313a2233223b666f746f7c733a34373a22313736393938333338335f313736393938333338335f32393331306666646565396637623364646563332e77656270223b69734c6f67676564496e7c623a313b616273656e5f6b656c61737c613a323a7b693a303b733a313a2231223b693a313b733a313a2232223b7d616273656e5f6c6f6b6173697c733a343a224e494343223b),
('ci_session:7bc8476a7836b274c2ba332fbb205efd', '118.99.125.8', 4294967295, 0x5f5f63695f6c6173745f726567656e65726174657c693a313737303032363838373b636170746368615f616e737c693a353b636170746368615f717c733a393a2231202b2034203d203f223b5f63695f70726576696f75735f75726c7c733a35343a2268747470733a2f2f616273656e73692e6473636d6b6964732e6f6e6c696e652f677572752f616273656e73692f74616d70696c6b616e223b757365725f69647c733a313a2236223b6e616d615f646570616e7c733a343a2272757468223b726f6c655f69647c733a313a2233223b666f746f7c733a34373a22313736393938333338335f313736393938333338335f32393331306666646565396637623364646563332e77656270223b69734c6f67676564496e7c623a313b616273656e5f6b656c61737c613a323a7b693a303b733a313a2231223b693a313b733a313a2232223b7d616273656e5f6c6f6b6173697c733a343a224e494343223b),
('ci_session:7c7f5f5afedddc869f9e125e37658ea8', '118.99.125.8', 4294967295, 0x5f5f63695f6c6173745f726567656e65726174657c693a313737303032393339363b636170746368615f616e737c693a353b636170746368615f717c733a393a2231202b2034203d203f223b5f63695f70726576696f75735f75726c7c733a35343a2268747470733a2f2f616273656e73692e6473636d6b6964732e6f6e6c696e652f677572752f616273656e73692f74616d70696c6b616e223b757365725f69647c733a313a2236223b6e616d615f646570616e7c733a343a2272757468223b726f6c655f69647c733a313a2233223b666f746f7c733a34373a22313736393938333338335f313736393938333338335f32393331306666646565396637623364646563332e77656270223b69734c6f67676564496e7c623a313b),
('ci_session:803ae622db986eb3914ecdf3e4aaf91f', '118.99.125.8', 4294967295, 0x5f5f63695f6c6173745f726567656e65726174657c693a313737303036313537303b636170746368615f616e737c693a373b636170746368615f717c733a393a2231202b2036203d203f223b5f63695f70726576696f75735f75726c7c733a35333a2268747470733a2f2f616273656e73692e6473636d6b6964732e6f6e6c696e652f677572752f616273656e73692d686172692d696e69223b757365725f69647c733a313a2236223b6e616d615f646570616e7c733a343a2272757468223b726f6c655f69647c733a313a2233223b666f746f7c733a34373a22313736393938333338335f313736393938333338335f32393331306666646565396637623364646563332e77656270223b69734c6f67676564496e7c623a313b),
('ci_session:8180b64a5fe9724fa09fb3737035bb7c', '118.99.125.8', 4294967295, 0x5f5f63695f6c6173745f726567656e65726174657c693a313737303036343835343b636170746368615f616e737c693a373b636170746368615f717c733a393a2231202b2036203d203f223b5f63695f70726576696f75735f75726c7c733a34343a2268747470733a2f2f616273656e73692e6473636d6b6964732e6f6e6c696e652f677572752f616273656e7369223b757365725f69647c733a313a2236223b6e616d615f646570616e7c733a343a2272757468223b726f6c655f69647c733a313a2233223b666f746f7c733a34373a22313736393938333338335f313736393938333338335f32393331306666646565396637623364646563332e77656270223b69734c6f67676564496e7c623a313b),
('ci_session:8764242b1ecad24b67a63487315e3748', '118.99.125.8', 4294967295, 0x5f5f63695f6c6173745f726567656e65726174657c693a313737303035363036363b636170746368615f616e737c693a31323b636170746368615f717c733a393a2237202b2035203d203f223b5f63695f70726576696f75735f75726c7c733a35333a2268747470733a2f2f616273656e73692e6473636d6b6964732e6f6e6c696e652f677572752f616273656e73692d686172692d696e69223b757365725f69647c733a313a2236223b6e616d615f646570616e7c733a343a2272757468223b726f6c655f69647c733a313a2233223b666f746f7c733a34373a22313736393938333338335f313736393938333338335f32393331306666646565396637623364646563332e77656270223b69734c6f67676564496e7c623a313b),
('ci_session:879241172634e39af73de38b62391ff0', '118.99.125.8', 4294967295, 0x5f5f63695f6c6173745f726567656e65726174657c693a313737303035303030343b5f63695f70726576696f75735f75726c7c733a34343a2268747470733a2f2f616273656e73692e6473636d6b6964732e6f6e6c696e652f677572752f616273656e7369223b636170746368615f616e737c693a373b636170746368615f717c733a393a2231202b2036203d203f223b757365725f69647c733a313a2236223b6e616d615f646570616e7c733a343a2272757468223b726f6c655f69647c733a313a2233223b666f746f7c733a34373a22313736393938333338335f313736393938333338335f32393331306666646565396637623364646563332e77656270223b69734c6f67676564496e7c623a313b),
('ci_session:8893ce5e310bc3a4cc2a6b8066155b54', '118.99.125.8', 4294967295, 0x5f5f63695f6c6173745f726567656e65726174657c693a313737303035363737323b636170746368615f616e737c693a31333b636170746368615f717c733a393a2239202b2034203d203f223b5f63695f70726576696f75735f75726c7c733a36313a2268747470733a2f2f616273656e73692e6473636d6b6964732e6f6e6c696e652f64617368626f6172642f61646d696e2f72656b61702d616273656e7369223b757365725f69647c733a313a2232223b6e616d615f646570616e7c733a353a2242726f776e223b726f6c655f69647c733a313a2232223b666f746f7c733a31313a2264656661756c742e706e67223b69734c6f67676564496e7c623a313b),
('ci_session:8a750fa8139f2a383506c7816e28267c', '118.99.125.8', 4294967295, 0x5f5f63695f6c6173745f726567656e65726174657c693a313737303036333037353b636170746368615f616e737c693a393b636170746368615f717c733a393a2237202b2032203d203f223b5f63695f70726576696f75735f75726c7c733a36333a2268747470733a2f2f616273656e73692e6473636d6b6964732e6f6e6c696e652f64617368626f6172642f61646d696e2f616273656e73692f6f7665726c6170223b757365725f69647c733a313a2232223b6e616d615f646570616e7c733a353a2242726f776e223b726f6c655f69647c733a313a2232223b666f746f7c733a31313a2264656661756c742e706e67223b69734c6f67676564496e7c623a313b),
('ci_session:8e9c028dcb3f9a7aa547d2c6c13c0ca4', '118.99.125.8', 4294967295, 0x5f5f63695f6c6173745f726567656e65726174657c693a313737303032333835313b636170746368615f616e737c693a31333b636170746368615f717c733a393a2234202b2039203d203f223b5f63695f70726576696f75735f75726c7c733a34343a2268747470733a2f2f616273656e73692e6473636d6b6964732e6f6e6c696e652f677572752f616273656e7369223b757365725f69647c733a313a2236223b6e616d615f646570616e7c733a343a2272757468223b726f6c655f69647c733a313a2233223b666f746f7c733a34373a22313736393938333338335f313736393938333338335f32393331306666646565396637623364646563332e77656270223b69734c6f67676564496e7c623a313b616273656e5f6b656c61737c613a323a7b693a303b733a313a2231223b693a313b733a313a2232223b7d616273656e5f6c6f6b6173697c733a343a224e494343223b5f5f63695f766172737c613a303a7b7d),
('ci_session:8fb8bd4c5fce3af919c4fe27557a9c43', '118.99.125.8', 4294967295, 0x5f5f63695f6c6173745f726567656e65726174657c693a313737303035303737373b636170746368615f616e737c693a31333b636170746368615f717c733a393a2239202b2034203d203f223b5f63695f70726576696f75735f75726c7c733a38313a2268747470733a2f2f616273656e73692e6473636d6b6964732e6f6e6c696e652f677572752f616273656e73692f74616d70696c6b616e3f6b656c6173253542302535443d31266c6f6b6173693d4e494343223b757365725f69647c733a313a2236223b6e616d615f646570616e7c733a343a2272757468223b726f6c655f69647c733a313a2233223b666f746f7c733a34373a22313736393938333338335f313736393938333338335f32393331306666646565396637623364646563332e77656270223b69734c6f67676564496e7c623a313b),
('ci_session:95574c6cebd9783abf3573f7aedc6197', '118.99.125.8', 4294967295, 0x5f5f63695f6c6173745f726567656e65726174657c693a313737303035363736393b636170746368615f616e737c693a31323b636170746368615f717c733a393a2237202b2035203d203f223b5f63695f70726576696f75735f75726c7c733a34363a2268747470733a2f2f616273656e73692e6473636d6b6964732e6f6e6c696e652f64617368626f6172642f67757275223b757365725f69647c733a313a2236223b6e616d615f646570616e7c733a343a2272757468223b726f6c655f69647c733a313a2233223b666f746f7c733a34373a22313736393938333338335f313736393938333338335f32393331306666646565396637623364646563332e77656270223b69734c6f67676564496e7c623a313b),
('ci_session:9671b991df25ddec53505e723e37baaf', '118.99.125.8', 4294967295, 0x5f5f63695f6c6173745f726567656e65726174657c693a313737303035373039333b636170746368615f616e737c693a31333b636170746368615f717c733a393a2239202b2034203d203f223b5f63695f70726576696f75735f75726c7c733a36333a2268747470733a2f2f616273656e73692e6473636d6b6964732e6f6e6c696e652f64617368626f6172642f61646d696e2f616273656e73692f6f7665726c6170223b757365725f69647c733a313a2232223b6e616d615f646570616e7c733a353a2242726f776e223b726f6c655f69647c733a313a2232223b666f746f7c733a31313a2264656661756c742e706e67223b69734c6f67676564496e7c623a313b),
('ci_session:9a9e4d19b63a20c8ca3f8e5fb604fa36', '118.99.125.8', 4294967295, 0x5f5f63695f6c6173745f726567656e65726174657c693a313737303035373831323b636170746368615f616e737c693a31333b636170746368615f717c733a393a2239202b2034203d203f223b5f63695f70726576696f75735f75726c7c733a36313a2268747470733a2f2f616273656e73692e6473636d6b6964732e6f6e6c696e652f64617368626f6172642f61646d696e2f72656b61702d616273656e7369223b757365725f69647c733a313a2232223b6e616d615f646570616e7c733a353a2242726f776e223b726f6c655f69647c733a313a2232223b666f746f7c733a31313a2264656661756c742e706e67223b69734c6f67676564496e7c623a313b),
('ci_session:9ad3264b3725bc5d4cf22fe8ba27efe5', '118.99.125.8', 4294967295, 0x5f5f63695f6c6173745f726567656e65726174657c693a313737303034373438323b636170746368615f616e737c693a373b636170746368615f717c733a393a2236202b2031203d203f223b5f63695f70726576696f75735f75726c7c733a34343a2268747470733a2f2f616273656e73692e6473636d6b6964732e6f6e6c696e652f677572752f616273656e7369223b757365725f69647c733a313a2236223b6e616d615f646570616e7c733a343a2272757468223b726f6c655f69647c733a313a2233223b666f746f7c733a34373a22313736393938333338335f313736393938333338335f32393331306666646565396637623364646563332e77656270223b69734c6f67676564496e7c623a313b),
('ci_session:9b68f41bc28014cf9c1502ad07eb6ad4', '118.99.125.8', 4294967295, 0x5f5f63695f6c6173745f726567656e65726174657c693a313737303032333531313b636170746368615f616e737c693a31333b636170746368615f717c733a393a2234202b2039203d203f223b5f63695f70726576696f75735f75726c7c733a35303a2268747470733a2f2f616273656e73692e6473636d6b6964732e6f6e6c696e652f677572752f616273656e73692f7374657032223b757365725f69647c733a313a2236223b6e616d615f646570616e7c733a343a2272757468223b726f6c655f69647c733a313a2233223b666f746f7c733a34373a22313736393938333338335f313736393938333338335f32393331306666646565396637623364646563332e77656270223b69734c6f67676564496e7c623a313b616273656e5f6b656c61737c613a323a7b693a303b733a313a2231223b693a313b733a313a2232223b7d616273656e5f6c6f6b6173697c733a343a224e494343223b),
('ci_session:a492f20cfe360f43db8b925424bd4653', '118.99.125.8', 4294967295, 0x5f5f63695f6c6173745f726567656e65726174657c693a313737303036313438383b636170746368615f616e737c693a31333b636170746368615f717c733a393a2239202b2034203d203f223b5f63695f70726576696f75735f75726c7c733a36333a2268747470733a2f2f616273656e73692e6473636d6b6964732e6f6e6c696e652f64617368626f6172642f61646d696e2f616273656e73692f6f7665726c6170223b757365725f69647c733a313a2232223b6e616d615f646570616e7c733a353a2242726f776e223b726f6c655f69647c733a313a2232223b666f746f7c733a31313a2264656661756c742e706e67223b69734c6f67676564496e7c623a313b),
('ci_session:a910304c999637b78ce487fca9f7757d', '118.99.125.8', 4294967295, 0x5f5f63695f6c6173745f726567656e65726174657c693a313737303035393035323b636170746368615f616e737c693a31323b636170746368615f717c733a393a2237202b2035203d203f223b5f63695f70726576696f75735f75726c7c733a34363a2268747470733a2f2f616273656e73692e6473636d6b6964732e6f6e6c696e652f64617368626f6172642f67757275223b757365725f69647c733a313a2236223b6e616d615f646570616e7c733a343a2272757468223b726f6c655f69647c733a313a2233223b666f746f7c733a34373a22313736393938333338335f313736393938333338335f32393331306666646565396637623364646563332e77656270223b69734c6f67676564496e7c623a313b),
('ci_session:ad02142eefeebd9a814e5096ac332fbe', '118.99.125.8', 4294967295, 0x5f5f63695f6c6173745f726567656e65726174657c693a313737303034363939363b636170746368615f616e737c693a373b636170746368615f717c733a393a2236202b2031203d203f223b5f63695f70726576696f75735f75726c7c733a34343a2268747470733a2f2f616273656e73692e6473636d6b6964732e6f6e6c696e652f677572752f616273656e7369223b757365725f69647c733a313a2236223b6e616d615f646570616e7c733a343a2272757468223b726f6c655f69647c733a313a2233223b666f746f7c733a34373a22313736393938333338335f313736393938333338335f32393331306666646565396637623364646563332e77656270223b69734c6f67676564496e7c623a313b),
('ci_session:adbc7a957e577c65fdc98a6385ae3c02', '118.99.125.8', 4294967295, 0x5f5f63695f6c6173745f726567656e65726174657c693a313737303035373738383b636170746368615f616e737c693a31323b636170746368615f717c733a393a2237202b2035203d203f223b5f63695f70726576696f75735f75726c7c733a34363a2268747470733a2f2f616273656e73692e6473636d6b6964732e6f6e6c696e652f64617368626f6172642f67757275223b757365725f69647c733a313a2236223b6e616d615f646570616e7c733a343a2272757468223b726f6c655f69647c733a313a2233223b666f746f7c733a34373a22313736393938333338335f313736393938333338335f32393331306666646565396637623364646563332e77656270223b69734c6f67676564496e7c623a313b),
('ci_session:ae4c6eecdec0199403ef44355858f95c', '118.99.125.8', 4294967295, 0x5f5f63695f6c6173745f726567656e65726174657c693a313737303036343334323b636170746368615f616e737c693a31313b636170746368615f717c733a393a2235202b2036203d203f223b5f63695f70726576696f75735f75726c7c733a36313a2268747470733a2f2f616273656e73692e6473636d6b6964732e6f6e6c696e652f64617368626f6172642f61646d696e2f72656b61702d616273656e7369223b757365725f69647c733a313a2232223b6e616d615f646570616e7c733a353a2242726f776e223b726f6c655f69647c733a313a2232223b666f746f7c733a31313a2264656661756c742e706e67223b69734c6f67676564496e7c623a313b),
('ci_session:b020add0e38a1e12b4f70f9bfdccad9e', '118.99.125.8', 4294967295, 0x5f5f63695f6c6173745f726567656e65726174657c693a313737303036303639303b636170746368615f616e737c693a31333b636170746368615f717c733a393a2239202b2034203d203f223b5f63695f70726576696f75735f75726c7c733a36333a2268747470733a2f2f616273656e73692e6473636d6b6964732e6f6e6c696e652f64617368626f6172642f61646d696e2f616273656e73692f6f7665726c6170223b757365725f69647c733a313a2232223b6e616d615f646570616e7c733a353a2242726f776e223b726f6c655f69647c733a313a2232223b666f746f7c733a31313a2264656661756c742e706e67223b69734c6f67676564496e7c623a313b),
('ci_session:b0d802fda70d0ea0568a5abc1312a268', '118.99.125.8', 4294967295, 0x5f5f63695f6c6173745f726567656e65726174657c693a313737303035383339313b636170746368615f616e737c693a31323b636170746368615f717c733a393a2237202b2035203d203f223b5f63695f70726576696f75735f75726c7c733a34363a2268747470733a2f2f616273656e73692e6473636d6b6964732e6f6e6c696e652f64617368626f6172642f67757275223b757365725f69647c733a313a2236223b6e616d615f646570616e7c733a343a2272757468223b726f6c655f69647c733a313a2233223b666f746f7c733a34373a22313736393938333338335f313736393938333338335f32393331306666646565396637623364646563332e77656270223b69734c6f67676564496e7c623a313b),
('ci_session:b38704b21eb9b0c575e9bc7086a497b7', '118.99.125.8', 4294967295, 0x5f5f63695f6c6173745f726567656e65726174657c693a313737303034393239383b5f63695f70726576696f75735f75726c7c733a34343a2268747470733a2f2f616273656e73692e6473636d6b6964732e6f6e6c696e652f677572752f616273656e7369223b636170746368615f616e737c693a373b636170746368615f717c733a393a2231202b2036203d203f223b757365725f69647c733a313a2236223b6e616d615f646570616e7c733a343a2272757468223b726f6c655f69647c733a313a2233223b666f746f7c733a34373a22313736393938333338335f313736393938333338335f32393331306666646565396637623364646563332e77656270223b69734c6f67676564496e7c623a313b),
('ci_session:b6af4b73107a077e98fbb6a6c7e04268', '118.99.125.8', 4294967295, 0x5f5f63695f6c6173745f726567656e65726174657c693a313737303032383831303b636170746368615f616e737c693a353b636170746368615f717c733a393a2231202b2034203d203f223b5f63695f70726576696f75735f75726c7c733a35343a2268747470733a2f2f616273656e73692e6473636d6b6964732e6f6e6c696e652f677572752f616273656e73692f74616d70696c6b616e223b757365725f69647c733a313a2236223b6e616d615f646570616e7c733a343a2272757468223b726f6c655f69647c733a313a2233223b666f746f7c733a34373a22313736393938333338335f313736393938333338335f32393331306666646565396637623364646563332e77656270223b69734c6f67676564496e7c623a313b),
('ci_session:b9622b343820a80edf1796dc3c13dbb4', '118.99.125.8', 4294967295, 0x5f5f63695f6c6173745f726567656e65726174657c693a313737303032323937333b636170746368615f616e737c693a31333b636170746368615f717c733a393a2234202b2039203d203f223b5f63695f70726576696f75735f75726c7c733a34343a2268747470733a2f2f616273656e73692e6473636d6b6964732e6f6e6c696e652f677572752f616273656e7369223b757365725f69647c733a313a2236223b6e616d615f646570616e7c733a343a2272757468223b726f6c655f69647c733a313a2233223b666f746f7c733a34373a22313736393938333338335f313736393938333338335f32393331306666646565396637623364646563332e77656270223b69734c6f67676564496e7c623a313b616273656e5f6b656c61737c613a323a7b693a303b733a313a2231223b693a313b733a313a2232223b7d616273656e5f6c6f6b6173697c733a343a224e494343223b),
('ci_session:bb3495b7686c320bfa88eedf6bceec07', '118.99.125.8', 4294967295, 0x5f5f63695f6c6173745f726567656e65726174657c693a313737303036343233353b636170746368615f616e737c693a373b636170746368615f717c733a393a2231202b2036203d203f223b5f63695f70726576696f75735f75726c7c733a38313a2268747470733a2f2f616273656e73692e6473636d6b6964732e6f6e6c696e652f677572752f616273656e73692f74616d70696c6b616e3f6b656c6173253542302535443d31266c6f6b6173693d4e494343223b757365725f69647c733a313a2236223b6e616d615f646570616e7c733a343a2272757468223b726f6c655f69647c733a313a2233223b666f746f7c733a34373a22313736393938333338335f313736393938333338335f32393331306666646565396637623364646563332e77656270223b69734c6f67676564496e7c623a313b),
('ci_session:befae9d5a01146c5e137d5a33ff8db05', '118.99.125.8', 4294967295, 0x5f5f63695f6c6173745f726567656e65726174657c693a313737303032343136393b636170746368615f616e737c693a31333b636170746368615f717c733a393a2234202b2039203d203f223b5f63695f70726576696f75735f75726c7c733a34343a2268747470733a2f2f616273656e73692e6473636d6b6964732e6f6e6c696e652f677572752f616273656e7369223b757365725f69647c733a313a2236223b6e616d615f646570616e7c733a343a2272757468223b726f6c655f69647c733a313a2233223b666f746f7c733a34373a22313736393938333338335f313736393938333338335f32393331306666646565396637623364646563332e77656270223b69734c6f67676564496e7c623a313b616273656e5f6b656c61737c613a323a7b693a303b733a313a2231223b693a313b733a313a2232223b7d616273656e5f6c6f6b6173697c733a343a224e494343223b5f5f63695f766172737c613a303a7b7d),
('ci_session:bf7d1c7bf80720b8d0537d891f7b1661', '118.99.125.8', 4294967295, 0x5f5f63695f6c6173745f726567656e65726174657c693a313737303036323735303b636170746368615f616e737c693a393b636170746368615f717c733a393a2237202b2032203d203f223b5f63695f70726576696f75735f75726c7c733a36333a2268747470733a2f2f616273656e73692e6473636d6b6964732e6f6e6c696e652f64617368626f6172642f61646d696e2f616273656e73692f6f7665726c6170223b757365725f69647c733a313a2232223b6e616d615f646570616e7c733a353a2242726f776e223b726f6c655f69647c733a313a2232223b666f746f7c733a31313a2264656661756c742e706e67223b69734c6f67676564496e7c623a313b),
('ci_session:bfa4ab2f619477f88f21b4fadd6c35b6', '118.99.125.8', 4294967295, 0x5f5f63695f6c6173745f726567656e65726174657c693a313737303032353730383b636170746368615f616e737c693a31333b636170746368615f717c733a393a2234202b2039203d203f223b5f63695f70726576696f75735f75726c7c733a35343a2268747470733a2f2f616273656e73692e6473636d6b6964732e6f6e6c696e652f677572752f616273656e73692f74616d70696c6b616e223b757365725f69647c733a313a2236223b6e616d615f646570616e7c733a343a2272757468223b726f6c655f69647c733a313a2233223b666f746f7c733a34373a22313736393938333338335f313736393938333338335f32393331306666646565396637623364646563332e77656270223b69734c6f67676564496e7c623a313b616273656e5f6b656c61737c613a323a7b693a303b733a313a2231223b693a313b733a313a2232223b7d616273656e5f6c6f6b6173697c733a343a224e494343223b5f5f63695f766172737c613a303a7b7d),
('ci_session:c5654fc206b2476efd81e58231f34107', '118.99.125.8', 4294967295, 0x5f5f63695f6c6173745f726567656e65726174657c693a313737303036313135353b636170746368615f616e737c693a31333b636170746368615f717c733a393a2239202b2034203d203f223b5f63695f70726576696f75735f75726c7c733a36333a2268747470733a2f2f616273656e73692e6473636d6b6964732e6f6e6c696e652f64617368626f6172642f61646d696e2f616273656e73692f6f7665726c6170223b757365725f69647c733a313a2232223b6e616d615f646570616e7c733a353a2242726f776e223b726f6c655f69647c733a313a2232223b666f746f7c733a31313a2264656661756c742e706e67223b69734c6f67676564496e7c623a313b),
('ci_session:c6b783f0c8b3d68dcc6d77006365a9f6', '170.106.72.93', 4294967295, 0x5f5f63695f6c6173745f726567656e65726174657c693a313737303033343533343b5f63695f70726576696f75735f75726c7c733a33323a2268747470733a2f2f616273656e73692e6473636d6b6964732e6f6e6c696e652f223b),
('ci_session:c6d7b96f8085d737511ea1de9f10fda7', '118.99.125.8', 4294967295, 0x5f5f63695f6c6173745f726567656e65726174657c693a313737303035363430383b636170746368615f616e737c693a31323b636170746368615f717c733a393a2237202b2035203d203f223b5f63695f70726576696f75735f75726c7c733a34363a2268747470733a2f2f616273656e73692e6473636d6b6964732e6f6e6c696e652f64617368626f6172642f67757275223b757365725f69647c733a313a2236223b6e616d615f646570616e7c733a343a2272757468223b726f6c655f69647c733a313a2233223b666f746f7c733a34373a22313736393938333338335f313736393938333338335f32393331306666646565396637623364646563332e77656270223b69734c6f67676564496e7c623a313b),
('ci_session:c9ac919fc4c67f9b8f094d0cf313a12d', '118.99.125.8', 4294967295, 0x5f5f63695f6c6173745f726567656e65726174657c693a313737303034373438323b636170746368615f616e737c693a373b636170746368615f717c733a393a2236202b2031203d203f223b5f63695f70726576696f75735f75726c7c733a34343a2268747470733a2f2f616273656e73692e6473636d6b6964732e6f6e6c696e652f677572752f616273656e7369223b757365725f69647c733a313a2236223b6e616d615f646570616e7c733a343a2272757468223b726f6c655f69647c733a313a2233223b666f746f7c733a34373a22313736393938333338335f313736393938333338335f32393331306666646565396637623364646563332e77656270223b69734c6f67676564496e7c623a313b),
('ci_session:cd3afeb27062c17f0921566803c54b3b', '118.99.125.8', 4294967295, 0x5f5f63695f6c6173745f726567656e65726174657c693a313737303035373133303b636170746368615f616e737c693a31323b636170746368615f717c733a393a2237202b2035203d203f223b5f63695f70726576696f75735f75726c7c733a34363a2268747470733a2f2f616273656e73692e6473636d6b6964732e6f6e6c696e652f64617368626f6172642f67757275223b757365725f69647c733a313a2236223b6e616d615f646570616e7c733a343a2272757468223b726f6c655f69647c733a313a2233223b666f746f7c733a34373a22313736393938333338335f313736393938333338335f32393331306666646565396637623364646563332e77656270223b69734c6f67676564496e7c623a313b),
('ci_session:cf5cba747c7ad519e7fc1382a6371925', '118.99.125.8', 4294967295, 0x5f5f63695f6c6173745f726567656e65726174657c693a313737303035393739383b636170746368615f616e737c693a31333b636170746368615f717c733a393a2239202b2034203d203f223b5f63695f70726576696f75735f75726c7c733a36333a2268747470733a2f2f616273656e73692e6473636d6b6964732e6f6e6c696e652f64617368626f6172642f61646d696e2f616273656e73692f6f7665726c6170223b757365725f69647c733a313a2232223b6e616d615f646570616e7c733a353a2242726f776e223b726f6c655f69647c733a313a2232223b666f746f7c733a31313a2264656661756c742e706e67223b69734c6f67676564496e7c623a313b),
('ci_session:d151bb86e61fe6737f0595950dbf3e69', '118.99.125.8', 4294967295, 0x5f5f63695f6c6173745f726567656e65726174657c693a313737303032383430333b636170746368615f616e737c693a353b636170746368615f717c733a393a2231202b2034203d203f223b5f63695f70726576696f75735f75726c7c733a34343a2268747470733a2f2f616273656e73692e6473636d6b6964732e6f6e6c696e652f677572752f616273656e7369223b757365725f69647c733a313a2236223b6e616d615f646570616e7c733a343a2272757468223b726f6c655f69647c733a313a2233223b666f746f7c733a34373a22313736393938333338335f313736393938333338335f32393331306666646565396637623364646563332e77656270223b69734c6f67676564496e7c623a313b),
('ci_session:d3e0c9d742fa9bf95a049ff2d01ae6e1', '118.99.125.8', 4294967295, 0x5f5f63695f6c6173745f726567656e65726174657c693a313737303035383237373b636170746368615f616e737c693a31333b636170746368615f717c733a393a2239202b2034203d203f223b5f63695f70726576696f75735f75726c7c733a36333a2268747470733a2f2f616273656e73692e6473636d6b6964732e6f6e6c696e652f64617368626f6172642f61646d696e2f616273656e73692f6f7665726c6170223b757365725f69647c733a313a2232223b6e616d615f646570616e7c733a353a2242726f776e223b726f6c655f69647c733a313a2232223b666f746f7c733a31313a2264656661756c742e706e67223b69734c6f67676564496e7c623a313b),
('ci_session:d6a8bceb684560ab845ded097d0c3e9b', '118.99.125.8', 4294967295, 0x5f5f63695f6c6173745f726567656e65726174657c693a313737303131303434383b636170746368615f616e737c693a383b636170746368615f717c733a393a2233202b2035203d203f223b5f63695f70726576696f75735f75726c7c733a34363a2268747470733a2f2f616273656e73692e6473636d6b6964732e6f6e6c696e652f64617368626f6172642f67757275223b757365725f69647c733a313a2236223b6e616d615f646570616e7c733a343a2272757468223b726f6c655f69647c733a313a2233223b666f746f7c733a34373a22313736393938333338335f313736393938333338335f32393331306666646565396637623364646563332e77656270223b69734c6f67676564496e7c623a313b),
('ci_session:e4a7daa4bf05476e36765bdf04542df7', '118.99.125.8', 4294967295, 0x5f5f63695f6c6173745f726567656e65726174657c693a313737303032383037353b636170746368615f616e737c693a353b636170746368615f717c733a393a2231202b2034203d203f223b5f63695f70726576696f75735f75726c7c733a34343a2268747470733a2f2f616273656e73692e6473636d6b6964732e6f6e6c696e652f677572752f616273656e7369223b757365725f69647c733a313a2236223b6e616d615f646570616e7c733a343a2272757468223b726f6c655f69647c733a313a2233223b666f746f7c733a34373a22313736393938333338335f313736393938333338335f32393331306666646565396637623364646563332e77656270223b69734c6f67676564496e7c623a313b616273656e5f6b656c61737c613a323a7b693a303b733a313a2231223b693a313b733a313a2232223b7d616273656e5f6c6f6b6173697c733a343a224e494343223b6572726f727c733a35323a22416273656e73692073756461682064696c616b756b616e2070756b756c2030333a35363a3337206f6c6568204b616b2072757468223b5f5f63695f766172737c613a323a7b733a353a226572726f72223b733a333a226f6c64223b733a31323a2264657461696c5f646f62656c223b733a333a226f6c64223b7d64657461696c5f646f62656c7c623a313b),
('ci_session:e5da422b2557dc4f81de0957efa2137e', '14.232.208.159', 4294967295, 0x5f5f63695f6c6173745f726567656e65726174657c693a313737303130303637333b5f63695f70726576696f75735f75726c7c733a33323a2268747470733a2f2f616273656e73692e6473636d6b6964732e6f6e6c696e652f223b);
INSERT INTO `ci_sessions` (`id`, `ip_address`, `timestamp`, `data`) VALUES
('ci_session:e7b93a6f45f62f04c82df5516578dc57', '118.99.125.8', 4294967295, 0x5f5f63695f6c6173745f726567656e65726174657c693a313737303032393339363b636170746368615f616e737c693a353b636170746368615f717c733a393a2231202b2034203d203f223b5f63695f70726576696f75735f75726c7c733a35343a2268747470733a2f2f616273656e73692e6473636d6b6964732e6f6e6c696e652f677572752f616273656e73692f74616d70696c6b616e223b757365725f69647c733a313a2236223b6e616d615f646570616e7c733a343a2272757468223b726f6c655f69647c733a313a2233223b666f746f7c733a34373a22313736393938333338335f313736393938333338335f32393331306666646565396637623364646563332e77656270223b69734c6f67676564496e7c623a313b),
('ci_session:ea855ddd93c4f523774645651b4b14e9', '118.99.125.8', 4294967295, 0x5f5f63695f6c6173745f726567656e65726174657c693a313737303035343234313b636170746368615f616e737c693a31333b636170746368615f717c733a393a2239202b2034203d203f223b5f63695f70726576696f75735f75726c7c733a36313a2268747470733a2f2f616273656e73692e6473636d6b6964732e6f6e6c696e652f64617368626f6172642f61646d696e2f72656b61702d616273656e7369223b757365725f69647c733a313a2232223b6e616d615f646570616e7c733a353a2242726f776e223b726f6c655f69647c733a313a2232223b666f746f7c733a31313a2264656661756c742e706e67223b69734c6f67676564496e7c623a313b),
('ci_session:eb6e020f2d7431f6087e1e6a8d09aa4b', '118.99.125.8', 4294967295, 0x5f5f63695f6c6173745f726567656e65726174657c693a313737303035313930303b636170746368615f616e737c693a31333b636170746368615f717c733a393a2239202b2034203d203f223b5f63695f70726576696f75735f75726c7c733a36313a2268747470733a2f2f616273656e73692e6473636d6b6964732e6f6e6c696e652f64617368626f6172642f61646d696e2f72656b61702d616273656e7369223b757365725f69647c733a313a2232223b6e616d615f646570616e7c733a353a2242726f776e223b726f6c655f69647c733a313a2232223b666f746f7c733a31313a2264656661756c742e706e67223b69734c6f67676564496e7c623a313b),
('ci_session:ecbf596b4e5238475b2965728d48c2fb', '118.99.125.8', 4294967295, 0x5f5f63695f6c6173745f726567656e65726174657c693a313737303034383330383b636170746368615f616e737c693a31333b636170746368615f717c733a393a2239202b2034203d203f223b5f63695f70726576696f75735f75726c7c733a36313a2268747470733a2f2f616273656e73692e6473636d6b6964732e6f6e6c696e652f64617368626f6172642f61646d696e2f72656b61702d616273656e7369223b757365725f69647c733a313a2232223b6e616d615f646570616e7c733a353a2242726f776e223b726f6c655f69647c733a313a2232223b666f746f7c733a31313a2264656661756c742e706e67223b69734c6f67676564496e7c623a313b),
('ci_session:edb6056a45743307957228c31afb23a1', '118.99.125.8', 4294967295, 0x5f5f63695f6c6173745f726567656e65726174657c693a313737303036333736383b636170746368615f616e737c693a373b636170746368615f717c733a393a2231202b2036203d203f223b5f63695f70726576696f75735f75726c7c733a34343a2268747470733a2f2f616273656e73692e6473636d6b6964732e6f6e6c696e652f677572752f616273656e7369223b757365725f69647c733a313a2236223b6e616d615f646570616e7c733a343a2272757468223b726f6c655f69647c733a313a2233223b666f746f7c733a34373a22313736393938333338335f313736393938333338335f32393331306666646565396637623364646563332e77656270223b69734c6f67676564496e7c623a313b),
('ci_session:f17ca1b8cbc0ba192ef97027ed38b9f7', '3.20.201.240', 4294967295, 0x5f5f63695f6c6173745f726567656e65726174657c693a313737303036323934303b5f63695f70726576696f75735f75726c7c733a33323a2268747470733a2f2f616273656e73692e6473636d6b6964732e6f6e6c696e652f223b),
('ci_session:fc1ae8a961fcb03aae47a7b3898e88cf', '170.106.11.141', 4294967295, 0x5f5f63695f6c6173745f726567656e65726174657c693a313737303130353037363b5f63695f70726576696f75735f75726c7c733a33323a2268747470733a2f2f616273656e73692e6473636d6b6964732e6f6e6c696e652f223b),
('ci_session:fc80e7357d703578ffcd24436bf206e0', '118.99.125.8', 4294967295, 0x5f5f63695f6c6173745f726567656e65726174657c693a313737303032373234363b636170746368615f616e737c693a353b636170746368615f717c733a393a2231202b2034203d203f223b5f63695f70726576696f75735f75726c7c733a34343a2268747470733a2f2f616273656e73692e6473636d6b6964732e6f6e6c696e652f677572752f616273656e7369223b757365725f69647c733a313a2236223b6e616d615f646570616e7c733a343a2272757468223b726f6c655f69647c733a313a2233223b666f746f7c733a34373a22313736393938333338335f313736393938333338335f32393331306666646565396637623364646563332e77656270223b69734c6f67676564496e7c623a313b616273656e5f6b656c61737c613a323a7b693a303b733a313a2231223b693a313b733a313a2232223b7d616273656e5f6c6f6b6173697c733a343a224e494343223b6572726f727c733a35323a22416273656e73692073756461682064696c616b756b616e2070756b756c2030333a35363a3337206f6c6568204b616b2072757468223b5f5f63695f766172737c613a323a7b733a353a226572726f72223b733a333a226f6c64223b733a31323a2264657461696c5f646f62656c223b733a333a226f6c64223b7d64657461696c5f646f62656c7c623a313b),
('ci_session:fe766fa11e54dac88c8a408c57f5062b', '118.99.125.8', 4294967295, 0x5f5f63695f6c6173745f726567656e65726174657c693a313737303039323237383b636170746368615f616e737c693a31313b636170746368615f717c733a393a2239202b2032203d203f223b5f63695f70726576696f75735f75726c7c733a34343a2268747470733a2f2f616273656e73692e6473636d6b6964732e6f6e6c696e652f677572752f616273656e7369223b757365725f69647c733a313a2236223b6e616d615f646570616e7c733a343a2272757468223b726f6c655f69647c733a313a2233223b666f746f7c733a34373a22313736393938333338335f313736393938333338335f32393331306666646565396637623364646563332e77656270223b69734c6f67676564496e7c623a313b);

-- --------------------------------------------------------

--
-- Table structure for table `kelas`
--

CREATE TABLE `kelas` (
  `id` int(11) NOT NULL,
  `kode_kelas` varchar(10) NOT NULL,
  `nama_kelas` varchar(50) NOT NULL
) ENGINE=InnoDB DEFAULT CHARSET=latin1 COLLATE=latin1_swedish_ci;

--
-- Dumping data for table `kelas`
--

INSERT INTO `kelas` (`id`, `kode_kelas`, `nama_kelas`) VALUES
(1, 'PG', 'Play Group'),
(2, 'TKA', 'Taman Kanak A'),
(3, 'TKB', 'Taman Kanak B'),
(4, '1', 'Kelas 1'),
(5, '2', 'Kelas 2'),
(6, '3', 'Kelas 3'),
(7, '4', 'Kelas 4'),
(8, '5', 'Kelas 5'),
(9, '6', 'Kelas 6');

-- --------------------------------------------------------

--
-- Table structure for table `lokasi_ibadah`
--

CREATE TABLE `lokasi_ibadah` (
  `id` int(11) NOT NULL,
  `nama_lokasi` varchar(50) NOT NULL
) ENGINE=InnoDB DEFAULT CHARSET=latin1 COLLATE=latin1_swedish_ci;

--
-- Dumping data for table `lokasi_ibadah`
--

INSERT INTO `lokasi_ibadah` (`id`, `nama_lokasi`) VALUES
(3, 'CPM'),
(2, 'GRASA'),
(1, 'NICC');

-- --------------------------------------------------------

--
-- Table structure for table `materi_ajar`
--

CREATE TABLE `materi_ajar` (
  `id` int(11) NOT NULL,
  `judul` varchar(150) NOT NULL,
  `catatan` text DEFAULT NULL,
  `kategori` enum('pdf','video','link') NOT NULL,
  `kelas_id` int(11) NOT NULL,
  `file` varchar(255) NOT NULL,
  `link` varchar(255) DEFAULT NULL,
  `created_at` datetime DEFAULT current_timestamp()
) ENGINE=InnoDB DEFAULT CHARSET=latin1 COLLATE=latin1_swedish_ci;

--
-- Dumping data for table `materi_ajar`
--

INSERT INTO `materi_ajar` (`id`, `judul`, `catatan`, `kategori`, `kelas_id`, `file`, `link`, `created_at`) VALUES
(1, 'test beta', 'sefsef', 'pdf', 1, '1769888505_1769888505_400a82abf9c30e82a43c.png', NULL, '2026-02-01 02:41:45'),
(2, 'test beta2', 'qwdqwd', 'pdf', 1, '1769888781_1769888781_cda9a808c941d14d6981.pdf', '', '2026-02-01 02:46:21'),
(3, 'testsewe', 'testswer', 'pdf', 1, '1769967072_1769967072_31057de7aae7ffe9830e.pdf', NULL, '2026-02-02 00:31:12');

-- --------------------------------------------------------

--
-- Table structure for table `murid`
--

CREATE TABLE `murid` (
  `id` int(11) NOT NULL,
  `kelas_id` int(11) NOT NULL,
  `nama_depan` varchar(100) NOT NULL,
  `nama_belakang` varchar(100) NOT NULL,
  `alamat` text NOT NULL,
  `no_hp` varchar(20) NOT NULL,
  `foto` varchar(255) NOT NULL,
  `status` enum('aktif','nonaktif') DEFAULT 'aktif',
  `created_at` datetime DEFAULT current_timestamp()
) ENGINE=InnoDB DEFAULT CHARSET=latin1 COLLATE=latin1_swedish_ci;

--
-- Dumping data for table `murid`
--

INSERT INTO `murid` (`id`, `kelas_id`, `nama_depan`, `nama_belakang`, `alamat`, `no_hp`, `foto`, `status`, `created_at`) VALUES
(1, 1, 'Andi', 'PG', 'Jl. Gereja', '0811111111', 'default_murid.png', 'aktif', '2026-01-31 12:49:11'),
(2, 1, 'Budi', 'PG', 'Jl. Gereja', '0811111112', 'default_murid.png', 'aktif', '2026-01-31 12:49:11'),
(3, 1, 'Citra', 'PG', 'Jl. Gereja', '0811111113', 'default_murid.png', 'aktif', '2026-01-31 12:49:11'),
(4, 1, 'Dewi', 'PG', 'Jl. Gereja', '0811111114', 'default_murid.png', 'aktif', '2026-01-31 12:49:11'),
(5, 1, 'Eko', 'PG', 'Jl. Gereja', '0811111115', 'default_murid.png', 'aktif', '2026-01-31 12:49:11'),
(6, 1, 'Fani', 'PG', 'Jl. Gereja', '0811111116', 'default_murid.png', 'aktif', '2026-01-31 12:49:11'),
(7, 1, 'Gilang', 'PG', 'Jl. Gereja', '0811111117', 'default_murid.png', 'aktif', '2026-01-31 12:49:11'),
(8, 1, 'Hana', 'PG', 'Jl. Gereja', '0811111118', 'default_murid.png', 'aktif', '2026-01-31 12:49:11'),
(9, 1, 'Indra', 'PG', 'Jl. Gereja', '0811111119', 'default_murid.png', 'aktif', '2026-01-31 12:49:11'),
(10, 1, 'Joko', 'PG', 'Jl. Gereja', '0811111120', 'default_murid.png', 'aktif', '2026-01-31 12:49:11'),
(11, 2, 'Andi', 'TKA', 'Jl. Gereja', '0822222221', 'default_murid.png', 'aktif', '2026-01-31 12:49:11'),
(12, 2, 'Budi', 'TKA', 'Jl. Gereja', '0822222222', 'default_murid.png', 'aktif', '2026-01-31 12:49:11'),
(13, 2, 'Citra', 'TKA', 'Jl. Gereja', '0822222223', 'default_murid.png', 'aktif', '2026-01-31 12:49:11'),
(14, 2, 'Dewi', 'TKA', 'Jl. Gereja', '0822222224', 'default_murid.png', 'aktif', '2026-01-31 12:49:11'),
(15, 2, 'Eko', 'TKA', 'Jl. Gereja', '0822222225', 'default_murid.png', 'aktif', '2026-01-31 12:49:11'),
(16, 2, 'Fani', 'TKA', 'Jl. Gereja', '0822222226', 'default_murid.png', 'aktif', '2026-01-31 12:49:11'),
(17, 2, 'Gilang', 'TKA', 'Jl. Gereja', '0822222227', 'default_murid.png', 'aktif', '2026-01-31 12:49:11'),
(18, 2, 'Hana', 'TKA', 'Jl. Gereja', '0822222228', 'default_murid.png', 'aktif', '2026-01-31 12:49:11'),
(19, 2, 'Indra', 'TKA', 'Jl. Gereja', '0822222229', 'default_murid.png', 'aktif', '2026-01-31 12:49:11'),
(20, 2, 'Joko', 'TKA', 'Jl. Gereja', '0822222230', 'default_murid.png', 'aktif', '2026-01-31 12:49:11'),
(21, 3, 'Andi', 'TKB', 'Jl. Gereja', '0833333331', 'default_murid.png', 'aktif', '2026-01-31 12:49:11'),
(22, 3, 'Budi', 'TKB', 'Jl. Gereja', '0833333332', 'default_murid.png', 'aktif', '2026-01-31 12:49:11'),
(23, 3, 'Citra', 'TKB', 'Jl. Gereja', '0833333333', 'default_murid.png', 'aktif', '2026-01-31 12:49:11'),
(24, 3, 'Dewi', 'TKB', 'Jl. Gereja', '0833333334', 'default_murid.png', 'aktif', '2026-01-31 12:49:11'),
(25, 3, 'Eko', 'TKB', 'Jl. Gereja', '0833333335', 'default_murid.png', 'aktif', '2026-01-31 12:49:11'),
(26, 3, 'Fani', 'TKB', 'Jl. Gereja', '0833333336', 'default_murid.png', 'aktif', '2026-01-31 12:49:11'),
(27, 3, 'Gilang', 'TKB', 'Jl. Gereja', '0833333337', 'default_murid.png', 'aktif', '2026-01-31 12:49:11'),
(28, 3, 'Hana', 'TKB', 'Jl. Gereja', '0833333338', 'default_murid.png', 'aktif', '2026-01-31 12:49:11'),
(29, 3, 'Indra', 'TKB', 'Jl. Gereja', '0833333339', 'default_murid.png', 'aktif', '2026-01-31 12:49:11'),
(30, 3, 'Joko', 'TKB', 'Jl. Gereja', '0833333340', 'default_murid.png', 'aktif', '2026-01-31 12:49:11'),
(31, 9, 'monita', 'oyen', 'malang', '0861526383', '1769879439_f97faba4f661e5b34708.png', 'aktif', '2026-02-01 00:10:39');

-- --------------------------------------------------------

--
-- Table structure for table `password_otps`
--

CREATE TABLE `password_otps` (
  `id` int(11) NOT NULL,
  `user_id` int(11) NOT NULL,
  `otp` varchar(6) NOT NULL,
  `expired_at` datetime NOT NULL,
  `created_at` datetime DEFAULT NULL
) ENGINE=InnoDB DEFAULT CHARSET=latin1 COLLATE=latin1_swedish_ci;

-- --------------------------------------------------------

--
-- Table structure for table `roles`
--

CREATE TABLE `roles` (
  `id` int(11) NOT NULL,
  `name` varchar(50) NOT NULL
) ENGINE=InnoDB DEFAULT CHARSET=latin1 COLLATE=latin1_swedish_ci;

--
-- Dumping data for table `roles`
--

INSERT INTO `roles` (`id`, `name`) VALUES
(1, 'superadmin'),
(2, 'admin'),
(3, 'guru');

-- --------------------------------------------------------

--
-- Table structure for table `setting_absensi`
--

CREATE TABLE `setting_absensi` (
  `id` int(11) NOT NULL,
  `jam_mulai` time NOT NULL,
  `jam_selesai` time NOT NULL
) ENGINE=InnoDB DEFAULT CHARSET=latin1 COLLATE=latin1_swedish_ci;

--
-- Dumping data for table `setting_absensi`
--

INSERT INTO `setting_absensi` (`id`, `jam_mulai`, `jam_selesai`) VALUES
(1, '07:00:00', '12:00:00');

-- --------------------------------------------------------

--
-- Table structure for table `users`
--

CREATE TABLE `users` (
  `id` int(11) NOT NULL,
  `role_id` int(11) NOT NULL,
  `nama_depan` varchar(100) NOT NULL,
  `nama_belakang` varchar(100) NOT NULL,
  `username` varchar(100) NOT NULL,
  `email` varchar(150) NOT NULL,
  `password` varchar(255) NOT NULL,
  `phone` varchar(20) NOT NULL,
  `alamat` text NOT NULL,
  `tanggal_lahir` date NOT NULL,
  `foto` varchar(255) NOT NULL,
  `status` enum('aktif','nonaktif') DEFAULT 'nonaktif',
  `session_token` varchar(255) DEFAULT NULL,
  `created_at` datetime DEFAULT current_timestamp(),
  `reset_token` varchar(255) DEFAULT NULL,
  `reset_expires` datetime DEFAULT NULL,
  `last_login` datetime DEFAULT NULL,
  `last_seen` datetime DEFAULT NULL,
  `no_hp` varchar(20) DEFAULT NULL,
  `is_active` tinyint(1) DEFAULT 0,
  `last_activity` datetime DEFAULT NULL
) ENGINE=InnoDB DEFAULT CHARSET=latin1 COLLATE=latin1_swedish_ci;

--
-- Dumping data for table `users`
--

INSERT INTO `users` (`id`, `role_id`, `nama_depan`, `nama_belakang`, `username`, `email`, `password`, `phone`, `alamat`, `tanggal_lahir`, `foto`, `status`, `session_token`, `created_at`, `reset_token`, `reset_expires`, `last_login`, `last_seen`, `no_hp`, `is_active`, `last_activity`) VALUES
(1, 2, 'Guyen', 'Utama', 'guy', 'admin@dscmkids.online', '$2y$10$R9cQ4e0zZyH1c5Q6K3Kx3u1bGq0uYJr1y7s7v9bZ7m2wZ6Q0mJx1K', '08123456789', 'Gereja', '1990-01-01', 'default.png', 'aktif', NULL, '2026-01-31 10:38:33', NULL, NULL, NULL, NULL, NULL, 0, NULL),
(2, 2, 'Brown', 'Admin', 'brown', 'andreas.kharisnet@gmail.com', '$2y$10$uZxTPSe90DmXhZQteX93QuHMMP/Ve392L4XNJ7Oph33vjbfxE0xHC', '081234567890', 'Gereja', '1995-05-05', 'default.png', 'aktif', '7afaec0f76e378c6b33cf531cc733f7a9faf3882005e0d55f129cdfdeb9e0d73', '2026-01-31 10:48:33', '5230565331caa14b1fe134b6767ca856d458bdafa92fff1ae3884009fc7adbb0', '2026-01-31 11:22:15', '2026-02-03 03:22:34', '2026-02-03 03:32:22', NULL, 0, NULL),
(3, 3, 'gui', 'Satu', 'guru1', 'guru1@dscmkids.online', '$2y$10$TpqE/T0QhTNjYDhhi5a5x.dreHaaiZW2vS1xlNbjBVB/GV1XJyGEi', '081334977979', 'Gereja', '1992-02-02', '1769892363_1769892363_37b9512d594edddf9f7d.png', 'aktif', '2284ac00380dba5472a61615fa6255ffd8ee577f923fe9c0b029299de18c2c58', '2026-01-31 12:05:11', NULL, NULL, '2026-02-01 14:45:39', '2026-02-01 03:46:23', '098767892930', 1, NULL),
(4, 3, 'andreas', 'darmawan', 'andre', 'tremostayang5@gmail.com', '$2y$10$p4fmUkwWyldlLEgEHZFBUeNjdZjSTyr7sEII7KbdvuiARcxK8oAd6', '', 'malang', '1985-10-18', 'guru_1769883967.jpg', 'aktif', '26f2443e1d4877c307149492aeac56db3ed1247e5ea501c3ded4256b05382359', '2026-02-01 01:26:07', NULL, NULL, '2026-02-01 04:14:42', NULL, '085655800806', 1, NULL),
(6, 3, 'ruth', 'ruth', 'ruth', 'arie.kharisnet@gmail.com', '$2y$10$Ce8ack5j/aXN7abZbmTtIedz2FyRyXll8SFAiITmN5syKay7.gsOa', '', 'malang', '1979-01-31', '1769983383_1769983383_29310ffdee9f7b3ddec3.webp', 'aktif', NULL, '2026-02-02 02:00:03', NULL, NULL, '2026-02-03 16:37:03', '2026-02-03 16:37:36', NULL, 0, NULL);

--
-- Indexes for dumped tables
--

--
-- Indexes for table `absensi`
--
ALTER TABLE `absensi`
  ADD PRIMARY KEY (`id`),
  ADD UNIQUE KEY `uniq_absensi` (`guru_id`,`tanggal`,`lokasi_id`),
  ADD UNIQUE KEY `uniq_absen` (`guru_id`,`tanggal`,`lokasi_id`),
  ADD KEY `fk_absensi_lokasi` (`lokasi_id`);

--
-- Indexes for table `absensi_detail`
--
ALTER TABLE `absensi_detail`
  ADD PRIMARY KEY (`id`),
  ADD UNIQUE KEY `uniq_absen_murid_tanggal` (`murid_id`,`absensi_id`),
  ADD UNIQUE KEY `uniq_murid_harian` (`murid_id`,`tanggal`),
  ADD KEY `fk_detail_absensi` (`absensi_id`);

--
-- Indexes for table `absensi_log`
--
ALTER TABLE `absensi_log`
  ADD PRIMARY KEY (`id`);

--
-- Indexes for table `audit_log`
--
ALTER TABLE `audit_log`
  ADD PRIMARY KEY (`id`);

--
-- Indexes for table `ci_sessions`
--
ALTER TABLE `ci_sessions`
  ADD PRIMARY KEY (`id`),
  ADD KEY `ci_sessions_timestamp` (`timestamp`);

--
-- Indexes for table `kelas`
--
ALTER TABLE `kelas`
  ADD PRIMARY KEY (`id`),
  ADD UNIQUE KEY `kode_kelas` (`kode_kelas`);

--
-- Indexes for table `lokasi_ibadah`
--
ALTER TABLE `lokasi_ibadah`
  ADD PRIMARY KEY (`id`),
  ADD UNIQUE KEY `nama_lokasi` (`nama_lokasi`);

--
-- Indexes for table `materi_ajar`
--
ALTER TABLE `materi_ajar`
  ADD PRIMARY KEY (`id`);

--
-- Indexes for table `murid`
--
ALTER TABLE `murid`
  ADD PRIMARY KEY (`id`),
  ADD KEY `fk_murid_kelas` (`kelas_id`);

--
-- Indexes for table `password_otps`
--
ALTER TABLE `password_otps`
  ADD PRIMARY KEY (`id`);

--
-- Indexes for table `roles`
--
ALTER TABLE `roles`
  ADD PRIMARY KEY (`id`);

--
-- Indexes for table `setting_absensi`
--
ALTER TABLE `setting_absensi`
  ADD PRIMARY KEY (`id`);

--
-- Indexes for table `users`
--
ALTER TABLE `users`
  ADD PRIMARY KEY (`id`),
  ADD UNIQUE KEY `username` (`username`),
  ADD UNIQUE KEY `email` (`email`),
  ADD KEY `role_id` (`role_id`);

--
-- AUTO_INCREMENT for dumped tables
--

--
-- AUTO_INCREMENT for table `absensi`
--
ALTER TABLE `absensi`
  MODIFY `id` int(11) NOT NULL AUTO_INCREMENT, AUTO_INCREMENT=40;

--
-- AUTO_INCREMENT for table `absensi_detail`
--
ALTER TABLE `absensi_detail`
  MODIFY `id` int(11) NOT NULL AUTO_INCREMENT;

--
-- AUTO_INCREMENT for table `absensi_log`
--
ALTER TABLE `absensi_log`
  MODIFY `id` int(11) NOT NULL AUTO_INCREMENT, AUTO_INCREMENT=81;

--
-- AUTO_INCREMENT for table `audit_log`
--
ALTER TABLE `audit_log`
  MODIFY `id` int(11) NOT NULL AUTO_INCREMENT, AUTO_INCREMENT=75;

--
-- AUTO_INCREMENT for table `kelas`
--
ALTER TABLE `kelas`
  MODIFY `id` int(11) NOT NULL AUTO_INCREMENT, AUTO_INCREMENT=10;

--
-- AUTO_INCREMENT for table `lokasi_ibadah`
--
ALTER TABLE `lokasi_ibadah`
  MODIFY `id` int(11) NOT NULL AUTO_INCREMENT, AUTO_INCREMENT=4;

--
-- AUTO_INCREMENT for table `materi_ajar`
--
ALTER TABLE `materi_ajar`
  MODIFY `id` int(11) NOT NULL AUTO_INCREMENT, AUTO_INCREMENT=6;

--
-- AUTO_INCREMENT for table `murid`
--
ALTER TABLE `murid`
  MODIFY `id` int(11) NOT NULL AUTO_INCREMENT, AUTO_INCREMENT=32;

--
-- AUTO_INCREMENT for table `password_otps`
--
ALTER TABLE `password_otps`
  MODIFY `id` int(11) NOT NULL AUTO_INCREMENT;

--
-- AUTO_INCREMENT for table `roles`
--
ALTER TABLE `roles`
  MODIFY `id` int(11) NOT NULL AUTO_INCREMENT, AUTO_INCREMENT=4;

--
-- AUTO_INCREMENT for table `users`
--
ALTER TABLE `users`
  MODIFY `id` int(11) NOT NULL AUTO_INCREMENT, AUTO_INCREMENT=7;

--
-- Constraints for dumped tables
--

--
-- Constraints for table `absensi`
--
ALTER TABLE `absensi`
  ADD CONSTRAINT `fk_absensi_guru` FOREIGN KEY (`guru_id`) REFERENCES `users` (`id`),
  ADD CONSTRAINT `fk_absensi_lokasi` FOREIGN KEY (`lokasi_id`) REFERENCES `lokasi_ibadah` (`id`);

--
-- Constraints for table `absensi_detail`
--
ALTER TABLE `absensi_detail`
  ADD CONSTRAINT `fk_detail_absensi` FOREIGN KEY (`absensi_id`) REFERENCES `absensi` (`id`) ON DELETE CASCADE,
  ADD CONSTRAINT `fk_detail_murid` FOREIGN KEY (`murid_id`) REFERENCES `murid` (`id`);

--
-- Constraints for table `murid`
--
ALTER TABLE `murid`
  ADD CONSTRAINT `fk_murid_kelas` FOREIGN KEY (`kelas_id`) REFERENCES `kelas` (`id`);

--
-- Constraints for table `users`
--
ALTER TABLE `users`
  ADD CONSTRAINT `users_ibfk_1` FOREIGN KEY (`role_id`) REFERENCES `roles` (`id`);
COMMIT;

/*!40101 SET CHARACTER_SET_CLIENT=@OLD_CHARACTER_SET_CLIENT */;
/*!40101 SET CHARACTER_SET_RESULTS=@OLD_CHARACTER_SET_RESULTS */;
/*!40101 SET COLLATION_CONNECTION=@OLD_COLLATION_CONNECTION */;
